step,epoch,lr,train_loss,val_loss,val_ppl,answer_token_acc,grad_norm,tokens_seen,supervised_seen,peak_mem_gb,elapsed_s
20,0,2e-05,2.48866,,,,10.0204,16752,1793,0.0,40.0
40,0,4e-05,1.22406,,,,8.637,33508,3581,0.0,78.9
60,0,6e-05,0.70628,,,,6.2821,50137,5306,0.0,115.2
80,0,8e-05,0.63576,,,,4.664,66400,7071,0.0,152.6
100,0,0.0001,0.71767,0.6231,1.865,0.78122,5.0956,83006,8836,0.0,190.0
120,0,9.997e-05,0.5912,,,,4.5938,99437,10595,0.0,259.5
140,0,9.989e-05,0.77601,,,,4.6435,115759,12361,0.0,297.6
160,0,9.975e-05,0.68556,,,,4.3796,132254,14110,0.0,334.8
180,0,9.956e-05,0.69041,,,,4.2723,148874,15871,0.0,373.9
200,0,9.931e-05,0.55323,0.55628,1.744,0.78176,3.0998,165573,17656,0.0,411.3
220,0,9.901e-05,0.73914,,,,4.1805,182257,19409,0.0,480.0
240,0,9.865e-05,0.77836,,,,3.8126,198665,21168,0.0,517.8
260,0,9.823e-05,0.53873,,,,3.7738,215142,22919,0.0,556.3
280,0,9.776e-05,0.53436,,,,2.9343,231700,24703,0.0,594.2
300,0,9.724e-05,0.61627,0.54873,1.731,0.78469,4.3572,248304,26458,0.0,631.3
320,0,9.666e-05,0.63867,,,,3.5012,264596,28218,0.0,699.5
340,0,9.603e-05,0.47648,,,,2.9188,281194,29941,0.0,736.6
360,0,9.535e-05,0.47089,,,,3.5491,297535,31704,0.0,775.1
380,0,9.462e-05,0.53066,,,,3.2897,314035,33457,0.0,814.1
400,0,9.384e-05,0.6415,0.50023,1.649,0.78415,3.6247,330563,35231,0.0,852.2
420,0,9.302e-05,0.68717,,,,3.9265,347051,37004,0.0,922.1
440,0,9.214e-05,0.75843,,,,4.0213,363643,38766,0.0,960.6
460,0,9.122e-05,0.57984,,,,2.9986,380344,40508,0.0,1001.2
480,0,9.025e-05,0.52945,,,,3.271,396818,42280,0.0,1039.3
500,0,8.924e-05,0.51728,0.45632,1.578,0.79714,3.9201,413444,44061,0.0,1078.9
520,0,8.818e-05,0.58996,,,,2.9649,429958,45822,0.0,1148.6
540,0,8.709e-05,0.44355,,,,2.7224,446700,47606,0.0,1185.7
560,0,8.595e-05,0.46786,,,,3.0379,463247,49353,0.0,1223.1
580,0,8.477e-05,0.3282,,,,2.5585,479576,51096,0.0,1259.8
600,0,8.356e-05,0.53349,0.44035,1.553,0.80062,2.9538,495905,52847,0.0,1296.5
620,0,8.231e-05,0.29478,,,,2.3111,512169,54610,0.0,1365.2
640,1,8.103e-05,0.42348,,,,2.6709,528696,56331,0.0,1403.5
660,1,7.971e-05,0.36613,,,,3.045,545440,58109,0.0,1440.3
680,1,7.837e-05,0.48874,,,,2.834,561833,59850,0.0,1477.0
700,1,7.699e-05,0.40449,0.41563,1.515,0.80465,2.7429,578209,61636,0.0,1513.5
720,1,7.559e-05,0.44733,,,,2.9625,594724,63417,0.0,1582.9
740,1,7.416e-05,0.46919,,,,3.2448,611252,65240,0.0,1621.4
760,1,7.271e-05,0.43518,,,,2.7225,627612,66990,0.0,1658.5
780,1,7.123e-05,0.33974,,,,2.6285,644123,68764,0.0,1700.7
800,1,6.974e-05,0.44625,0.38336,1.467,0.82442,3.091,660738,70526,0.0,1738.3
820,1,6.822e-05,0.41361,,,,2.7438,677298,72290,0.0,1807.7
840,1,6.669e-05,0.44273,,,,3.4678,693954,74064,0.0,1844.5
860,1,6.515e-05,0.30277,,,,2.4508,710385,75846,0.0,1883.0
880,1,6.359e-05,0.41395,,,,3.3297,726633,77598,0.0,1920.0
900,1,6.202e-05,0.33171,0.34579,1.413,0.84621,2.6281,743295,79366,0.0,1957.5
920,1,6.044e-05,0.33777,,,,2.7529,759639,81109,0.0,2026.2
940,1,5.886e-05,0.24965,,,,2.4989,775966,82850,0.0,2063.8
960,1,5.727e-05,0.35481,,,,2.6266,792371,84592,0.0,2100.9
980,1,5.568e-05,0.30031,,,,4.7286,808758,86349,0.0,2137.1
1000,1,5.408e-05,0.2848,0.28239,1.326,0.86891,3.0749,825192,88095,0.0,2174.0
1020,1,5.249e-05,0.37091,,,,3.4285,841808,89843,0.0,2243.1
1040,1,5.09e-05,0.25117,,,,2.2759,858109,91599,0.0,2281.1
1060,1,4.932e-05,0.20244,,,,3.5041,874756,93359,0.0,2319.0
1080,1,4.774e-05,0.20874,,,,2.4109,891376,95092,0.0,2356.5
1100,1,4.618e-05,0.21949,0.20508,1.228,0.91413,3.8889,908121,96865,0.0,2392.9
1120,1,4.462e-05,0.20979,,,,4.2041,924665,98629,0.0,2460.9
1140,1,4.308e-05,0.24156,,,,4.5605,941263,100362,0.0,2498.1
1160,1,4.155e-05,0.1809,,,,1.9119,957958,102137,0.0,2535.4
1180,1,4.004e-05,0.14892,,,,2.5523,974439,103910,0.0,2573.4
1200,1,3.855e-05,0.11852,0.13905,1.149,0.93684,5.185,990798,105697,0.0,2611.2
1220,1,3.707e-05,0.13373,,,,1.4898,1007534,107456,0.0,2680.3
1240,1,3.562e-05,0.17599,,,,4.5987,1024222,109226,0.0,2716.6
1260,2,3.42e-05,0.11174,,,,1.5414,1040792,110996,0.0,2754.3
1280,2,3.28e-05,0.08715,,,,2.4165,1056991,112741,0.0,2793.0
1300,2,3.143e-05,0.169,0.1195,1.127,0.94361,1.9175,1073741,114517,0.0,2831.0
1320,2,3.009e-05,0.17435,,,,1.9736,1090530,116330,0.0,2903.6
1340,2,2.878e-05,0.23809,,,,1.99,1107448,118093,0.0,2942.9
1360,2,2.75e-05,0.11263,,,,1.3006,1123913,119872,0.0,2980.9
1380,2,2.625e-05,0.10864,,,,1.6011,1140441,121600,0.0,3017.4
1400,2,2.505e-05,0.04975,0.1149,1.122,0.94727,1.0197,1156849,123377,0.0,3054.8
1420,2,2.388e-05,0.11349,,,,3.4671,1173439,125148,0.0,3123.1
1440,2,2.275e-05,0.06189,,,,1.077,1190055,126898,0.0,3160.8
1460,2,2.166e-05,0.04121,,,,1.5114,1206632,128663,0.0,3198.0
1480,2,2.061e-05,0.11182,,,,6.2464,1222935,130420,0.0,3235.5
1500,2,1.96e-05,0.09559,0.10472,1.11,0.94764,1.3693,1239507,132172,0.0,3271.8
1520,2,1.864e-05,0.18317,,,,7.1716,1256213,133949,0.0,3341.1
1540,2,1.773e-05,0.0856,,,,1.2668,1272733,135748,0.0,3378.3
1560,2,1.686e-05,0.13468,,,,1.639,1288915,137498,0.0,3414.9
1580,2,1.604e-05,0.0869,,,,4.4259,1305532,139292,0.0,3452.9
1600,2,1.526e-05,0.09091,0.10764,1.114,0.94636,1.5254,1322004,141046,0.0,3491.3
1620,2,1.454e-05,0.17083,,,,2.1443,1338401,142794,0.0,3561.9
1640,2,1.387e-05,0.20295,,,,4.2628,1355014,144535,0.0,3597.8
1660,2,1.325e-05,0.15053,,,,1.7432,1371510,146273,0.0,3635.1
1680,2,1.268e-05,0.16323,,,,2.7999,1387900,148031,0.0,3673.1
1700,2,1.217e-05,0.10972,0.10809,1.114,0.94508,1.4995,1404206,149775,0.0,3710.5
1720,2,1.17e-05,0.06215,,,,1.3633,1420723,151489,0.0,3782.4
1740,2,1.13e-05,0.09908,,,,7.9528,1437404,153252,0.0,3820.8
1760,2,1.095e-05,0.05879,,,,1.2178,1453928,155022,0.0,3859.0
1780,2,1.065e-05,0.11692,,,,1.4504,1470522,156770,0.0,3897.0
1800,2,1.041e-05,0.1169,0.10433,1.11,0.94746,1.6811,1487099,158546,0.0,3934.2
1820,2,1.022e-05,0.07629,,,,1.0927,1503708,160309,0.0,4004.5
1840,2,1.009e-05,0.06493,,,,4.2738,1519699,162066,0.0,4042.1
1860,2,1.002e-05,0.1045,,,,1.4383,1536381,163837,0.0,4080.3
1875,3,1e-05,0.12684,0.10178,1.107,0.94746,1.6406,1548897,165150,0.0,4109.2
