step,tokens_seen,lr,train_loss,val_loss,val_ppl,grad_norm,tok_per_s,peak_mem_gb,elapsed_s
50,1638400,6e-05,8.310718,,,0.74,44177.4,3.775,37.1
100,3276800,0.00012,7.668952,,,0.4147,41354.9,3.775,76.7
150,4915200,0.00018,7.219204,,,0.712,39032.4,3.775,118.7
200,6553600,0.00024,6.748653,,,0.4826,40194.9,3.775,159.4
250,8192000,0.0003,6.500041,6.408827,607.181,0.7675,39519.0,3.775,200.9
300,9830400,0.00036,6.191751,,,0.5485,39679.1,3.775,245.4
350,11468800,0.00042,6.003866,,,0.5368,39532.2,3.775,286.8
400,13107200,0.00048,5.867835,,,0.5818,39755.8,3.775,328.0
450,14745600,0.00054,5.69611,,,0.5651,40096.2,3.775,368.9
500,16384000,0.0006,5.570388,5.564713,261.05,0.548,40039.0,3.775,409.8
550,18022400,0.00059998,5.499605,,,0.7012,39341.0,3.775,454.9
600,19660800,0.00059993,5.458555,,,0.583,39705.8,3.775,496.2
650,21299200,0.00059985,5.352767,,,0.5493,40096.6,3.775,537.0
700,22937600,0.00059973,5.214664,,,0.5716,40360.7,3.775,577.6
750,24576000,0.00059958,5.166955,5.133855,169.67,0.5573,40227.0,3.775,618.4
800,26214400,0.00059939,5.112717,,,0.5327,39913.1,3.775,662.9
850,27852800,0.00059917,5.131834,,,0.54,39525.1,3.775,704.3
900,29491200,0.00059892,5.040692,,,0.5223,39510.0,3.775,745.8
950,31129600,0.00059863,5.068751,,,0.5476,39458.2,3.775,787.3
1000,32768000,0.00059831,4.946378,4.868248,130.093,0.5127,39524.4,3.775,828.8
1050,34406400,0.00059795,4.921364,,,0.6238,39565.0,3.775,873.6
1100,36044800,0.00059756,4.871727,,,0.5276,39940.5,3.775,914.6
1150,37683200,0.00059714,4.79379,,,0.5214,39958.6,3.775,955.6
1200,39321600,0.00059669,4.846686,,,0.5315,40150.3,3.775,996.4
1250,40960000,0.0005962,4.86799,4.659296,105.562,0.5263,40033.5,3.775,1037.3
1300,42598400,0.00059567,4.729684,,,0.5753,39825.0,3.775,1081.9
1350,44236800,0.00059511,4.702684,,,0.5619,39427.2,3.775,1123.4
1400,45875200,0.00059452,4.629755,,,0.5324,39528.8,3.775,1164.9
1450,47513600,0.0005939,4.689292,,,0.5502,39737.5,3.775,1206.1
1500,49152000,0.00059324,4.610461,4.487834,88.929,0.5322,39929.0,3.775,1247.2
1550,50790400,0.00059255,4.541537,,,0.5716,39339.6,3.775,1292.2
1600,52428800,0.00059183,4.533472,,,0.5538,39468.8,3.775,1333.7
1650,54067200,0.00059107,4.499535,,,0.5434,39511.6,3.775,1375.2
1700,55705600,0.00059029,4.432185,,,0.516,39846.2,3.775,1416.3
1750,57344000,0.00058946,4.487809,4.377511,79.64,0.5523,40073.5,3.775,1457.2
1800,58982400,0.00058861,4.388932,,,0.5164,39865.1,3.775,1501.6
1850,60620800,0.00058772,4.475927,,,0.525,39562.2,3.775,1543.0
1900,62259200,0.0005868,4.301932,,,0.5209,39542.5,3.775,1584.5
1950,63897600,0.00058585,4.328425,,,0.5023,39475.2,3.775,1626.0
2000,65536000,0.00058487,4.309226,4.29905,73.63,0.5262,39456.7,3.775,1667.5
2050,67174400,0.00058385,4.375421,,,0.4953,39016.6,3.775,1712.9
2100,68812800,0.0005828,4.300785,,,0.4828,39447.9,3.775,1754.4
2150,70451200,0.00058172,4.243282,,,0.5438,39527.5,3.775,1795.8
2200,72089600,0.00058061,4.351215,,,0.49,39602.6,3.775,1837.2
2250,73728000,0.00057947,4.338602,4.238309,69.291,0.5363,39837.0,3.775,1878.3
2300,75366400,0.0005783,4.304132,,,0.483,40260.0,3.775,1922.4
2350,77004800,0.00057709,4.359842,,,0.4913,40233.1,3.775,1963.1
2400,78643200,0.00057585,4.287318,,,0.491,40314.7,3.775,2003.8
2450,80281600,0.00057459,4.357201,,,0.4886,39865.8,3.775,2044.9
2500,81920000,0.00057329,4.279105,4.188096,65.897,0.5159,39590.9,3.775,2086.2
2550,83558400,0.00057196,4.355,,,0.4923,39029.6,3.775,2131.6
2600,85196800,0.0005706,4.305885,,,0.4943,39462.0,3.775,2173.1
2650,86835200,0.00056921,4.229928,,,0.4934,39439.1,3.775,2214.6
2700,88473600,0.00056779,4.276005,,,0.4652,39682.5,3.775,2255.9
2750,90112000,0.00056634,4.300853,4.140709,62.847,0.4759,39978.3,3.775,2296.9
2800,91750400,0.00056486,4.260445,,,0.49,40269.8,3.775,2341.0
2850,93388800,0.00056335,4.226028,,,0.4792,39993.4,3.775,2382.0
2900,95027200,0.00056181,4.196919,,,0.4695,40030.1,3.775,2422.9
2950,96665600,0.00056024,4.323085,,,0.4826,40281.9,3.775,2463.6
3000,98304000,0.00055865,4.166885,4.103823,60.571,0.4468,39678.8,3.775,2504.8
3050,99942400,0.00055702,4.208526,,,0.4855,39026.5,3.775,2550.2
3100,101580800,0.00055537,4.255521,,,0.4571,39925.8,3.775,2591.2
3150,103219200,0.00055369,4.139999,,,0.4729,40270.4,3.775,2631.9
3200,104857600,0.00055198,4.144249,,,0.4487,39771.4,3.775,2673.1
3250,106496000,0.00055024,4.177147,4.074162,58.801,0.4575,39579.5,3.775,2714.5
3300,108134400,0.00054847,4.195195,,,0.4595,39491.3,3.775,2759.4
3350,109772800,0.00054668,4.188323,,,0.4735,39647.7,3.775,2800.7
3400,111411200,0.00054486,4.055727,,,0.46,40052.9,3.775,2841.6
3450,113049600,0.00054301,4.076928,,,0.4558,40272.7,3.775,2882.3
3500,114688000,0.00054113,4.062622,4.047763,57.269,0.4554,40285.8,3.775,2922.9
3550,116326400,0.00053923,4.104954,,,0.4446,39182.2,3.775,2968.1
3600,117964800,0.0005373,4.161865,,,0.4491,40013.2,3.775,3009.0
3650,119603200,0.00053535,4.136482,,,0.4404,39894.5,3.775,3050.1
3700,121241600,0.00053337,4.062332,,,0.4427,39469.7,3.775,3091.6
3750,122880000,0.00053136,4.163262,4.022033,55.814,0.4456,39456.8,3.775,3133.1
3800,124518400,0.00052933,4.09521,,,0.4751,39504.0,3.775,3178.1
3850,126156800,0.00052728,4.122838,,,0.4555,39440.1,3.775,3219.6
3900,127795200,0.0005252,4.168108,,,0.446,39590.7,3.775,3261.0
3950,129433600,0.00052309,4.122565,,,0.4628,40236.4,3.775,3301.7
4000,131072000,0.00052096,4.072492,3.993422,54.24,0.4737,40020.3,3.775,3342.6
4050,132710400,0.00051881,4.132001,,,0.4375,39005.6,3.775,3388.0
4100,134348800,0.00051663,4.139777,,,0.4454,39453.8,3.775,3429.5
4150,135987200,0.00051443,4.138108,,,0.4539,39610.6,3.775,3470.9
4200,137625600,0.00051221,4.121601,,,0.4417,40016.0,3.775,3511.8
4250,139264000,0.00050996,4.06679,3.975994,53.303,0.4415,39910.9,3.775,3552.9
4300,140902400,0.00050769,4.067591,,,0.4425,39728.9,3.775,3597.6
4350,142540800,0.0005054,4.012792,,,0.4436,39444.7,3.775,3639.1
4400,144179200,0.00050308,4.036312,,,0.4338,39445.7,3.775,3680.7
4450,145817600,0.00050075,4.014507,,,0.4463,39455.8,3.775,3722.2
4500,147456000,0.00049839,4.050493,3.955612,52.228,0.4399,39557.2,3.775,3763.6
4550,149094400,0.00049601,3.979859,,,0.4469,39214.2,3.775,3808.8
4600,150732800,0.00049361,4.036952,,,0.4259,39512.1,3.775,3850.3
4650,152371200,0.00049119,4.06383,,,0.4459,39441.3,3.775,3891.8
4700,154009600,0.00048875,3.946846,,,0.4319,39460.1,3.775,3933.4
4750,155648000,0.00048629,4.03533,3.938013,51.317,0.4367,39660.5,3.775,3974.7
4800,157286400,0.00048381,4.002745,,,0.4361,40180.3,3.775,4018.8
4850,158924800,0.00048131,4.090399,,,0.4304,40307.7,3.775,4059.4
4900,160563200,0.00047879,4.057261,,,0.4406,39752.2,3.775,4100.7
4950,162201600,0.00047626,3.929703,,,0.4394,39457.3,3.775,4142.2
5000,163840000,0.0004737,4.04044,3.918031,50.301,0.4371,39501.5,3.775,4183.7
5050,165478400,0.00047113,4.0108,,,0.4568,39191.1,3.775,4228.8
5100,167116800,0.00046853,4.046169,,,0.4516,39717.8,3.775,4270.1
5150,168755200,0.00046593,4.02931,,,0.4359,40060.2,3.775,4311.0
5200,170393600,0.0004633,4.110958,,,0.4255,39667.4,3.775,4352.3
5250,172032000,0.00046066,3.904501,3.903114,49.557,0.4213,39515.1,3.775,4393.7
5300,173670400,0.000458,3.998381,,,0.435,39450.1,3.775,4438.6
5350,175308800,0.00045532,3.955737,,,0.4426,39486.6,3.775,4480.1
5400,176947200,0.00045263,3.993128,,,0.4258,39859.8,3.775,4521.2
5450,178585600,0.00044992,4.00711,,,0.4308,39540.0,3.775,4562.7
5500,180224000,0.0004472,4.053963,3.885957,48.714,0.4159,39465.3,3.775,4604.2
5550,181862400,0.00044447,3.92942,,,0.4343,38962.8,3.775,4649.6
5600,183500800,0.00044172,4.028684,,,0.4266,39515.8,3.775,4691.1
5650,185139200,0.00043895,3.969481,,,0.4291,39865.7,3.775,4732.2
5700,186777600,0.00043617,3.985032,,,0.4308,39900.9,3.775,4773.2
5750,188416000,0.00043338,3.888186,3.875348,48.199,0.4282,39985.0,3.775,4814.2
5800,190054400,0.00043058,3.950302,,,0.4354,39839.4,3.775,4858.7
5850,191692800,0.00042776,3.882366,,,0.4373,39436.9,3.775,4900.3
5900,193331200,0.00042493,3.987893,,,0.4221,39573.7,3.775,4941.7
5950,194969600,0.00042209,3.909418,,,0.4324,40084.0,3.775,4982.5
6000,196608000,0.00041923,3.998296,3.86242,47.58,0.4338,40152.1,3.775,5023.3
6050,198246400,0.00041637,3.928118,,,0.4379,39081.1,3.775,5068.6
6100,199884800,0.00041349,4.065119,,,0.4388,39544.7,3.775,5110.1
6150,201523200,0.00041061,3.920642,,,0.4401,39942.7,3.775,5151.1
6200,203161600,0.00040771,3.899003,,,0.4418,40032.5,3.775,5192.0
6250,204800000,0.0004048,3.996508,3.848332,46.915,0.4249,40005.6,3.775,5233.0
6300,206438400,0.00040189,3.847129,,,0.4278,39759.0,3.775,5277.6
6350,208076800,0.00039896,3.879326,,,0.4361,39551.5,3.775,5319.0
6400,209715200,0.00039603,3.946205,,,0.4314,39445.5,3.775,5360.5
6450,211353600,0.00039309,3.952541,,,0.4432,39445.8,3.775,5402.1
6500,212992000,0.00039014,3.935725,3.836144,46.346,0.4386,39436.7,3.775,5443.6
6550,214630400,0.00038718,3.960754,,,0.4264,38963.7,3.775,5489.0
6600,216268800,0.00038422,3.991641,,,0.4329,39538.9,3.775,5530.5
6650,217907200,0.00038125,4.008698,,,0.4433,39860.1,3.775,5571.6
6700,219545600,0.00037827,3.891863,,,0.4365,40073.7,3.775,5612.4
6750,221184000,0.00037529,3.935761,3.821904,45.691,0.4376,39626.1,3.775,5653.8
6800,222822400,0.0003723,3.991739,,,0.4333,39540.2,3.775,5698.6
6850,224460800,0.0003693,3.864966,,,0.4581,39449.4,3.775,5740.1
6900,226099200,0.0003663,4.013238,,,0.4307,39443.4,3.775,5781.7
6950,227737600,0.0003633,3.935966,,,0.4363,39460.5,3.775,5823.2
7000,229376000,0.00036029,3.908398,3.813574,45.312,0.4488,39517.2,3.775,5864.6
7050,231014400,0.00035728,3.986916,,,0.4281,39138.4,3.775,5909.9
7100,232652800,0.00035426,3.851267,,,0.4428,39464.4,3.775,5951.4
7150,234291200,0.00035124,3.883001,,,0.4286,39441.2,3.775,5992.9
7200,235929600,0.00034822,3.931681,,,0.4315,39507.0,3.775,6034.4
7250,237568000,0.0003452,3.934127,3.800185,44.709,0.4439,39901.9,3.775,6075.5
7300,239206400,0.00034217,3.901721,,,0.4238,39735.9,3.775,6120.2
7350,240844800,0.00033915,3.846604,,,0.4316,39456.8,3.775,6161.7
7400,242483200,0.00033612,3.862254,,,0.4386,39426.2,3.775,6203.3
7450,244121600,0.00033309,3.905004,,,0.44,39437.6,3.775,6244.8
7500,245760000,0.00033006,3.902768,3.792129,44.351,0.4376,39659.8,3.775,6286.1
7550,247398400,0.00032703,3.808516,,,0.431,39082.5,3.775,6331.4
7600,249036800,0.000324,3.853794,,,0.4479,39494.5,3.775,6372.9
7650,250675200,0.00032097,3.913055,,,0.4406,39669.5,3.775,6414.2
7700,252313600,0.00031795,3.904684,,,0.4343,39788.6,3.775,6455.4
7750,253952000,0.00031492,3.918275,3.781068,43.863,0.4353,39603.9,3.775,6496.8
7800,255590400,0.0003119,3.888166,,,0.4389,39821.3,3.775,6541.3
7850,257228800,0.00030888,3.975353,,,0.4423,40018.1,3.775,6582.2
7900,258867200,0.00030586,3.813748,,,0.4305,39669.7,3.775,6623.5
7950,260505600,0.00030284,3.950775,,,0.4439,39477.4,3.775,6665.0
8000,262144000,0.00029983,3.792611,3.771317,43.437,0.4416,39461.4,3.775,6706.6
8050,263782400,0.00029682,3.837196,,,0.4462,38961.3,3.775,6752.0
8100,265420800,0.00029382,3.890856,,,0.4385,39493.5,3.775,6793.5
8150,267059200,0.00029082,3.907892,,,0.4444,39846.4,3.775,6834.6
8200,268697600,0.00028782,3.827193,,,0.4472,39950.5,3.775,6875.6
8250,270336000,0.00028483,3.841237,3.763195,43.086,0.4537,39520.2,3.775,6917.1
8300,271974400,0.00028185,3.885008,,,0.4524,39471.6,3.775,6961.9
8350,273612800,0.00027887,3.87948,,,0.438,39430.6,3.775,7003.5
8400,275251200,0.0002759,3.887353,,,0.441,39454.9,3.775,7045.0
8450,276889600,0.00027294,3.863625,,,0.4455,39458.1,3.775,7086.5
8500,278528000,0.00026998,3.874916,3.751427,42.582,0.4419,39525.3,3.775,7128.0
8550,280166400,0.00026703,3.773763,,,0.438,39070.4,3.775,7173.3
8600,281804800,0.00026409,3.834527,,,0.4466,39438.8,3.775,7214.8
8650,283443200,0.00026115,3.748721,,,0.4496,39446.3,3.775,7256.4
8700,285081600,0.00025823,3.834689,,,0.4567,39455.2,3.775,7297.9
8750,286720000,0.00025531,3.818579,3.744125,42.272,0.4354,39430.8,3.775,7339.4
8800,288358400,0.00025241,3.789647,,,0.4466,39525.1,3.775,7384.3
8850,289996800,0.00024951,3.828494,,,0.4447,39484.2,3.775,7425.8
8900,291635200,0.00024662,3.92005,,,0.4437,39509.0,3.775,7467.2
8950,293273600,0.00024375,3.804842,,,0.4487,39482.5,3.775,7508.7
9000,294912000,0.00024088,3.724017,3.733984,41.845,0.4427,39610.6,3.775,7550.1
9050,296550400,0.00023803,3.737047,,,0.4478,39050.3,3.775,7595.4
9100,298188800,0.00023519,3.804102,,,0.4487,39476.2,3.775,7636.9
9150,299827200,0.00023236,3.818465,,,0.4552,39509.7,3.775,7678.4
9200,301465600,0.00022954,3.763858,,,0.4522,39559.8,3.775,7719.8
9250,303104000,0.00022673,3.848012,3.726149,41.519,0.4519,39681.7,3.775,7761.1
9300,304742400,0.00022394,3.796855,,,0.4521,39656.3,3.775,7805.8
9350,306380800,0.00022116,3.879111,,,0.4526,39491.4,3.775,7847.3
9400,308019200,0.00021839,3.865495,,,0.4408,39528.3,3.775,7888.8
9450,309657600,0.00021564,3.804057,,,0.4462,39555.0,3.775,7930.2
9500,311296000,0.00021291,3.909521,3.71628,41.111,0.4478,39665.2,3.775,7971.5
9550,312934400,0.00021018,3.760968,,,0.4496,39180.2,3.775,8016.7
9600,314572800,0.00020748,3.857803,,,0.4603,39488.7,3.775,8058.2
9650,316211200,0.00020478,3.793236,,,0.4503,39986.5,3.775,8099.1
9700,317849600,0.00020211,3.7747,,,0.4519,39744.4,3.775,8140.3
9750,319488000,0.00019945,3.750461,3.710019,40.855,0.4459,39477.0,3.775,8181.9
9800,321126400,0.00019681,3.711481,,,0.4551,39449.2,3.775,8226.7
9850,322764800,0.00019418,3.78773,,,0.4525,39458.5,3.775,8268.3
9900,324403200,0.00019157,3.811207,,,0.4511,39693.3,3.775,8309.5
9950,326041600,0.00018898,3.846025,,,0.4482,40112.1,3.775,8350.4
10000,327680000,0.0001864,3.830549,3.702215,40.537,0.4479,39457.7,3.775,8391.9
10050,329318400,0.00018385,3.782908,,,0.4484,39053.4,3.775,8437.2
10100,330956800,0.00018131,3.768108,,,0.4534,39435.8,3.775,8478.8
10150,332595200,0.00017879,3.850011,,,0.4595,39473.1,3.775,8520.3
10200,334233600,0.00017629,3.743681,,,0.4591,39440.5,3.775,8561.8
10250,335872000,0.00017381,3.781947,3.695985,40.285,0.4649,39506.8,3.775,8603.3
10300,337510400,0.00017135,3.778635,,,0.448,39559.5,3.775,8648.1
10350,339148800,0.00016891,3.76292,,,0.4651,39439.0,3.775,8689.6
10400,340787200,0.00016648,3.807658,,,0.4599,39455.6,3.775,8731.2
10450,342425600,0.00016408,3.833804,,,0.4573,39484.6,3.775,8772.6
10500,344064000,0.00016171,3.899441,3.690052,40.047,0.4479,39720.0,3.775,8813.9
10550,345702400,0.00015935,3.7589,,,0.4512,39075.9,3.775,8859.2
10600,347340800,0.00015701,3.805856,,,0.4614,39451.5,3.775,8900.7
10650,348979200,0.0001547,3.742732,,,0.4614,39667.3,3.775,8942.0
10700,350617600,0.0001524,3.728865,,,0.4598,39562.4,3.775,8983.4
10750,352256000,0.00015013,3.667596,3.683654,39.792,0.474,39438.2,3.775,9025.0
10800,353894400,0.00014788,3.731455,,,0.4543,39473.7,3.775,9069.8
10850,355532800,0.00014566,3.803539,,,0.4575,39441.8,3.775,9111.4
10900,357171200,0.00014346,3.800816,,,0.4554,39499.4,3.775,9152.8
10950,358809600,0.00014128,3.767254,,,0.4692,39694.4,3.775,9194.1
11000,360448000,0.00013912,3.744622,3.678262,39.578,0.4508,39881.6,3.775,9235.2
11050,362086400,0.00013699,3.724869,,,0.4612,39138.6,3.775,9280.3
11100,363724800,0.00013489,3.652339,,,0.4652,39457.5,3.775,9321.9
11150,365363200,0.00013281,3.723914,,,0.4729,39439.0,3.775,9363.4
11200,367001600,0.00013075,3.732284,,,0.4651,39459.4,3.775,9404.9
11250,368640000,0.00012872,3.887026,3.672575,39.353,0.4592,39450.7,3.775,9446.4
11300,370278400,0.00012671,3.763571,,,0.4784,39520.3,3.775,9491.2
11350,371916800,0.00012473,3.760687,,,0.4587,39453.2,3.775,9532.7
11400,373555200,0.00012277,3.754014,,,0.4669,39446.8,3.775,9574.2
11450,375193600,0.00012085,3.758787,,,0.4619,39448.3,3.775,9615.8
11500,376832000,0.00011894,3.712097,3.665578,39.079,0.4677,39454.3,3.775,9657.3
11550,378470400,0.00011707,3.736993,,,0.4636,39008.9,3.775,9702.6
11600,380108800,0.00011522,3.714802,,,0.4737,39456.5,3.775,9744.1
11650,381747200,0.0001134,3.810393,,,0.4624,39457.8,3.775,9785.7
11700,383385600,0.0001116,3.821511,,,0.4744,39852.9,3.775,9826.8
11750,385024000,0.00010983,3.699796,3.661385,38.915,0.4699,39715.2,3.775,9868.0
11800,386662400,0.00010809,3.743993,,,0.4678,39458.2,3.775,9912.9
11850,388300800,0.00010638,3.811328,,,0.4894,39577.6,3.775,9954.3
11900,389939200,0.0001047,3.767877,,,0.4725,39988.4,3.775,9995.2
11950,391577600,0.00010304,3.801883,,,0.4724,39863.7,3.775,10036.3
12000,393216000,0.00010142,3.832818,3.655948,38.704,0.4765,39449.7,3.775,10077.9
12050,394854400,9.982e-05,3.756917,,,0.464,39044.2,3.775,10123.1
12100,396492800,9.825e-05,3.727558,,,0.4796,39439.1,3.775,10164.7
12150,398131200,9.671e-05,3.718533,,,0.463,39474.9,3.775,10206.2
12200,399769600,9.52e-05,3.765016,,,0.4689,39558.3,3.775,10247.6
12250,401408000,9.372e-05,3.827766,3.651918,38.549,0.4698,39447.6,3.775,10289.1
12300,403046400,9.227e-05,3.692626,,,0.4702,39479.2,3.775,10333.9
12350,404684800,9.085e-05,3.671195,,,0.4615,39441.4,3.775,10375.5
12400,406323200,8.946e-05,3.805101,,,0.4739,39491.3,3.775,10417.0
12450,407961600,8.809e-05,3.710483,,,0.4637,39790.3,3.775,10458.1
12500,409600000,8.676e-05,3.830441,3.647762,38.389,0.465,39536.0,3.775,10499.6
12550,411238400,8.547e-05,3.711729,,,0.4692,39057.9,3.775,10544.8
12600,412876800,8.42e-05,3.712358,,,0.4766,39436.7,3.775,10586.4
12650,414515200,8.296e-05,3.67981,,,0.4639,39454.2,3.775,10627.9
12700,416153600,8.175e-05,3.755505,,,0.4941,39527.7,3.775,10669.3
12750,417792000,8.058e-05,3.760682,3.644137,38.25,0.4754,39696.9,3.775,10710.6
12800,419430400,7.943e-05,3.857246,,,0.4741,39516.4,3.775,10755.4
12850,421068800,7.832e-05,3.705218,,,0.4752,39447.3,3.775,10796.9
12900,422707200,7.724e-05,3.771086,,,0.4793,39447.8,3.775,10838.4
12950,424345600,7.619e-05,3.696323,,,0.474,39456.7,3.775,10880.0
13000,425984000,7.517e-05,3.745232,3.639803,38.084,0.4773,39434.9,3.775,10921.5
13050,427622400,7.419e-05,3.751849,,,0.4811,38986.8,3.775,10966.8
13100,429260800,7.323e-05,3.668642,,,0.4745,39454.7,3.775,11008.4
13150,430899200,7.231e-05,3.694022,,,0.4815,39878.9,3.775,11049.5
13200,432537600,7.142e-05,3.708859,,,0.4831,39490.0,3.775,11090.9
13250,434176000,7.057e-05,3.747248,3.638002,38.016,0.4774,39494.8,3.775,11132.4
13300,435814400,6.975e-05,3.773836,,,0.4761,39953.6,3.775,11176.7
13350,437452800,6.896e-05,3.739942,,,0.4789,39442.6,3.775,11218.3
13400,439091200,6.82e-05,3.694868,,,0.4806,39435.9,3.775,11259.8
13450,440729600,6.747e-05,3.72207,,,0.4666,39492.9,3.775,11301.3
13500,442368000,6.678e-05,3.719853,3.634082,37.867,0.483,39817.5,3.775,11342.4
13550,444006400,6.612e-05,3.816121,,,0.4753,39166.7,3.775,11387.6
13600,445644800,6.55e-05,3.712502,,,0.4896,39458.2,3.775,11429.1
13650,447283200,6.491e-05,3.706481,,,0.4723,39430.5,3.775,11470.7
13700,448921600,6.435e-05,3.753849,,,0.4783,39443.3,3.775,11512.2
13750,450560000,6.382e-05,3.74104,3.631451,37.768,0.4855,39452.6,3.775,11553.7
13800,452198400,6.333e-05,3.725315,,,0.4874,39450.9,3.775,11598.6
13850,453836800,6.288e-05,3.731999,,,0.4792,39471.6,3.775,11640.1
13900,455475200,6.245e-05,3.676074,,,0.4727,39440.5,3.775,11681.7
13950,457113600,6.206e-05,3.815633,,,0.4872,39426.4,3.775,11723.2
14000,458752000,6.17e-05,3.812001,3.630076,37.716,0.4799,39460.3,3.775,11764.7
14050,460390400,6.138e-05,3.736428,,,0.4842,39021.7,3.775,11810.0
14100,462028800,6.109e-05,3.72485,,,0.4753,39442.5,3.775,11851.6
14150,463667200,6.084e-05,3.721911,,,0.4855,39457.7,3.775,11893.1
14200,465305600,6.062e-05,3.80963,,,0.4871,39438.5,3.775,11934.6
14250,466944000,6.043e-05,3.797154,3.627796,37.63,0.4905,39453.2,3.775,11976.2
14300,468582400,6.027e-05,3.676161,,,0.487,39461.2,3.775,12021.0
14350,470220800,6.015e-05,3.675444,,,0.4975,39457.4,3.775,12062.5
14400,471859200,6.007e-05,3.60493,,,0.4825,39460.5,3.775,12104.0
14450,473497600,6.002e-05,3.67227,,,0.4859,39428.5,3.775,12145.6
14500,475136000,6e-05,3.726742,3.625337,37.537,0.496,39446.1,3.775,12187.1
